threshold,n_predicted_ms,estimated_prevalence,prevalence_percent
0.3,54,0.5142857142857142,51.42857142857142
0.4,28,0.26666666666666666,26.666666666666668
0.5,15,0.14285714285714285,14.285714285714285
0.6,10,0.09523809523809523,9.523809523809524
0.7,5,0.047619047619047616,4.761904761904762
