metric,fold_mean,global
AUC,,0.7471776007429658
F1,0.5345074699853694,0.675098814229249
Precision,0.6,0.5538261997405967
Recall,0.5086390692640692,0.8643724696356275
