scaler,auc,precision,recall,f1
StandardScaler,0.8928917414286268,0.9004405286343612,0.797191887675507,0.8456764584195283
MinMaxScaler,0.8834653478135446,0.8953287197231834,0.8073322932917316,0.8490566037735849
RobustScaler,0.8928307454285291,0.9006156552330695,0.7987519500780031,0.8466308391897478
No Scaling,0.8930725766289161,0.9018567639257294,0.7956318252730109,0.8454206382096975
